step,train_loss,lr,s_per_step,tokens_seen
0,3.2469,3.00e-06,11.5,4096
1,3.1408,6.00e-06,17.1,8192
2,2.8538,9.00e-06,16.5,12288
3,3.3010,1.20e-05,15.9,16384
4,3.0600,1.50e-05,17.7,20480
5,2.9806,1.80e-05,14.2,24576
6,2.7330,2.10e-05,14.4,28672
7,3.1028,2.40e-05,14.4,32768
8,2.7759,2.70e-05,19.1,36864
9,2.9411,3.00e-05,21.3,40960
10,2.9037,3.00e-05,21.6,45056
11,2.9460,3.00e-05,12.8,49152
12,3.1145,3.00e-05,11.5,53248
13,2.9949,3.00e-05,14.6,57344
14,2.9961,3.00e-05,14.6,61440
15,3.0035,3.00e-05,12.9,65536
16,2.7106,3.00e-05,13.0,69632
17,2.5753,3.00e-05,13.7,73728
18,2.8331,3.00e-05,16.8,77824
19,2.9138,2.99e-05,14.0,81920
20,2.8629,2.99e-05,14.1,86016
21,2.8283,2.99e-05,17.5,90112
22,2.6460,2.99e-05,17.5,94208
23,2.9330,2.99e-05,13.9,98304
24,2.8511,2.99e-05,12.4,102400
25,2.8262,2.98e-05,13.2,106496
26,2.5243,2.98e-05,11.3,110592
27,2.7847,2.98e-05,17.0,114688
28,2.9375,2.98e-05,12.4,118784
29,2.6990,2.98e-05,12.4,122880
30,2.7753,2.97e-05,9.5,126976
31,2.8926,2.97e-05,10.6,131072
32,2.5191,2.97e-05,10.7,135168
33,2.5424,2.96e-05,10.9,139264
34,2.8171,2.96e-05,9.9,143360
35,2.7648,2.96e-05,10.4,147456
36,2.7236,2.95e-05,13.6,151552
37,2.7424,2.95e-05,11.4,155648
38,2.7912,2.95e-05,10.4,159744
39,2.7083,2.94e-05,11.4,163840
40,2.5912,2.94e-05,25.7,167936
41,2.6859,2.93e-05,28.6,172032
42,2.6927,2.93e-05,20.5,176128
43,2.8384,2.93e-05,26.3,180224
44,2.5686,2.92e-05,20.5,184320
45,2.5672,2.92e-05,13.8,188416
46,2.4355,2.91e-05,17.4,192512
47,2.6539,2.91e-05,12.8,196608
48,2.4713,2.90e-05,11.9,200704
49,2.5780,2.90e-05,10.4,204800
50,2.7561,2.89e-05,11.9,208896
51,2.5953,2.89e-05,13.0,212992
52,2.7522,2.88e-05,10.1,217088
53,2.6267,2.87e-05,10.5,221184
54,2.6024,2.87e-05,11.5,225280
55,2.7859,2.86e-05,12.6,229376
56,2.8396,2.86e-05,18.2,233472
57,2.7885,2.85e-05,29.5,237568
58,2.5381,2.84e-05,16.6,241664
59,2.6061,2.84e-05,17.3,245760
60,2.5467,2.83e-05,14.1,249856
61,2.5582,2.82e-05,9.9,253952
62,2.5970,2.82e-05,13.2,258048
63,2.5877,2.81e-05,10.6,262144
64,2.6982,2.80e-05,13.0,266240
65,2.6922,2.80e-05,11.3,270336
66,2.6015,2.79e-05,14.7,274432
67,2.4966,2.78e-05,12.4,278528
68,2.3648,2.77e-05,11.0,282624
69,2.6604,2.77e-05,11.0,286720
70,2.5931,2.76e-05,13.3,290816
71,2.7957,2.75e-05,9.7,294912
72,2.6715,2.74e-05,10.3,299008
73,2.4615,2.73e-05,14.0,303104
74,2.3823,2.73e-05,10.7,307200
75,2.6233,2.72e-05,10.8,311296
76,2.6179,2.71e-05,11.7,315392
77,2.7005,2.70e-05,11.1,319488
78,2.5072,2.69e-05,10.2,323584
79,2.2041,2.68e-05,10.9,327680
80,2.3010,2.67e-05,22.8,331776
81,2.5481,2.67e-05,21.1,335872
82,2.4829,2.66e-05,14.2,339968
83,2.6940,2.65e-05,13.1,344064
84,2.5589,2.64e-05,19.4,348160
85,2.5307,2.63e-05,15.2,352256
86,2.5430,2.62e-05,13.8,356352
87,2.4547,2.61e-05,10.4,360448
88,2.3243,2.60e-05,12.4,364544
89,2.1701,2.59e-05,10.8,368640
90,2.3731,2.58e-05,10.8,372736
91,2.5126,2.57e-05,11.3,376832
92,2.4688,2.56e-05,13.0,380928
93,2.4006,2.55e-05,11.7,385024
94,2.6388,2.54e-05,10.4,389120
95,2.6167,2.53e-05,16.6,393216
96,2.5141,2.52e-05,27.1,397312
97,2.5662,2.51e-05,14.9,401408
98,2.3315,2.50e-05,13.9,405504
99,2.5398,2.49e-05,13.0,409600
100,2.5185,2.48e-05,15.5,413696
101,2.6294,2.47e-05,20.9,417792
102,2.6394,2.45e-05,13.5,421888
103,2.5806,2.44e-05,14.4,425984
104,2.5130,2.43e-05,16.8,430080
105,2.3117,2.42e-05,17.5,434176
106,2.4202,2.41e-05,14.5,438272
107,2.4434,2.40e-05,13.1,442368
108,2.4623,2.39e-05,15.4,446464
109,2.5028,2.38e-05,17.7,450560
110,2.6948,2.36e-05,21.8,454656
111,2.2920,2.35e-05,22.4,458752
112,2.5860,2.34e-05,32.6,462848
113,2.2816,2.33e-05,28.3,466944
114,2.5937,2.32e-05,19.9,471040
115,2.6375,2.31e-05,17.1,475136
116,2.5502,2.29e-05,16.3,479232
117,2.6502,2.28e-05,15.0,483328
118,2.2651,2.27e-05,19.9,487424
119,2.3597,2.26e-05,20.4,491520
120,2.7003,2.24e-05,24.3,495616
121,2.6746,2.23e-05,27.8,499712
122,2.5631,2.22e-05,29.4,503808
123,2.5128,2.21e-05,33.8,507904
124,2.2831,2.19e-05,16.1,512000
125,2.4880,2.18e-05,14.5,516096
126,2.2832,2.17e-05,22.1,520192
127,2.4215,2.16e-05,14.5,524288
128,2.5059,2.14e-05,13.2,528384
129,2.5835,2.13e-05,12.9,532480
130,2.2126,2.12e-05,22.9,536576
131,2.4092,2.11e-05,28.8,540672
132,2.4769,2.09e-05,16.6,544768
133,2.6971,2.08e-05,11.9,548864
134,2.5476,2.07e-05,13.4,552960
135,2.5503,2.05e-05,13.3,557056
136,2.5720,2.04e-05,12.4,561152
137,2.6357,2.03e-05,13.8,565248
138,2.4812,2.01e-05,12.1,569344
139,2.3983,2.00e-05,18.0,573440
140,2.6449,1.99e-05,14.8,577536
141,2.6295,1.98e-05,13.2,581632
142,2.4699,1.96e-05,13.4,585728
143,2.6936,1.95e-05,13.9,589824
144,2.6369,1.94e-05,15.9,593920
145,1.9775,1.92e-05,20.4,598016
146,2.7251,1.91e-05,14.3,602112
147,2.4367,1.89e-05,16.9,606208
148,2.5789,1.88e-05,13.5,610304
149,2.4407,1.87e-05,12.3,614400
150,2.6498,1.85e-05,15.0,618496
151,2.5640,1.84e-05,11.3,622592
152,2.4761,1.83e-05,13.6,626688
153,2.5788,1.81e-05,26.7,630784
154,2.4327,1.80e-05,42.7,634880
155,2.7392,1.79e-05,28.2,638976
156,2.4897,1.77e-05,20.1,643072
157,2.2691,1.76e-05,18.9,647168
158,2.4738,1.75e-05,14.0,651264
159,2.5263,1.73e-05,24.3,655360
160,2.2289,1.72e-05,29.4,659456
161,2.1454,1.70e-05,41.4,663552
162,2.2862,1.69e-05,29.2,667648
163,2.5789,1.68e-05,21.8,671744
164,2.5619,1.66e-05,26.3,675840
165,2.5345,1.65e-05,26.8,679936
166,2.5665,1.64e-05,25.5,684032
167,2.4837,1.62e-05,15.6,688128
168,2.5707,1.61e-05,17.2,692224
169,2.5017,1.60e-05,22.6,696320
170,2.2879,1.58e-05,12.9,700416
171,2.4356,1.57e-05,15.2,704512
172,2.1641,1.55e-05,14.1,708608
173,2.5865,1.54e-05,14.7,712704
174,2.4628,1.53e-05,13.2,716800
175,2.5565,1.51e-05,14.5,720896
176,2.5004,1.50e-05,13.5,724992
177,2.3161,1.49e-05,29.9,729088
178,2.6392,1.47e-05,22.3,733184
179,2.4925,1.46e-05,13.2,737280
180,2.3661,1.45e-05,13.2,741376
181,2.1518,1.43e-05,12.4,745472
182,2.4546,1.42e-05,21.1,749568
183,2.3292,1.41e-05,27.0,753664
184,2.2937,1.39e-05,16.4,757760
185,2.5880,1.38e-05,15.0,761856
186,2.5185,1.36e-05,15.2,765952
187,2.6410,1.35e-05,20.4,770048
188,2.3774,1.34e-05,18.9,774144
189,2.4766,1.32e-05,16.2,778240
190,2.1839,1.31e-05,14.3,782336
191,2.4678,1.30e-05,14.1,786432
192,2.2411,1.29e-05,12.3,790528
193,2.4767,1.27e-05,13.6,794624
194,2.4666,1.26e-05,14.8,798720
195,2.4798,1.25e-05,14.7,802816
196,2.5560,1.23e-05,13.2,806912
197,2.5899,1.22e-05,15.1,811008
198,2.4940,1.21e-05,22.3,815104
199,2.5219,1.19e-05,25.7,819200
200,2.5114,1.18e-05,26.9,823296
201,2.4066,1.17e-05,21.9,827392
202,2.1787,1.16e-05,12.4,831488
203,2.5784,1.14e-05,20.1,835584
204,2.3728,1.13e-05,13.3,839680
205,2.3508,1.12e-05,12.5,843776
206,2.3999,1.11e-05,27.6,847872
207,2.7055,1.09e-05,33.5,851968
208,2.1207,1.08e-05,39.9,856064
209,2.5429,1.07e-05,43.4,860160
210,2.2709,1.06e-05,44.7,864256
211,2.4511,1.04e-05,22.8,868352
212,2.3405,1.03e-05,14.2,872448
213,2.4348,1.02e-05,13.6,876544
214,2.3862,1.01e-05,12.9,880640
215,2.4517,9.95e-06,15.2,884736
216,2.4844,9.83e-06,21.4,888832
217,2.4130,9.71e-06,13.9,892928
218,2.3196,9.59e-06,12.3,897024
219,2.4471,9.48e-06,15.0,901120
220,2.5740,9.36e-06,11.8,905216
221,2.3499,9.24e-06,12.0,909312
222,2.5143,9.13e-06,11.5,913408
223,2.4426,9.01e-06,12.1,917504
224,2.4489,8.90e-06,14.7,921600
225,2.3084,8.79e-06,12.4,925696
226,2.2187,8.68e-06,13.1,929792
227,2.1755,8.56e-06,13.0,933888
228,2.5601,8.45e-06,10.7,937984
229,2.5706,8.35e-06,10.3,942080
230,2.1749,8.24e-06,11.5,946176
231,2.3532,8.13e-06,12.6,950272
232,2.1378,8.02e-06,13.5,954368
233,2.1550,7.92e-06,12.9,958464
234,2.5283,7.81e-06,12.4,962560
235,1.9177,7.71e-06,12.5,966656
236,2.4573,7.60e-06,12.2,970752
237,2.3036,7.50e-06,12.7,974848
238,2.2646,7.40e-06,11.3,978944
239,2.6093,7.30e-06,10.2,983040
240,2.4010,7.20e-06,27.5,987136
241,2.3659,7.10e-06,22.7,991232
242,2.2755,7.00e-06,13.6,995328
243,2.6223,6.91e-06,10.9,999424
244,2.1659,6.81e-06,11.8,1003520
245,2.4398,6.72e-06,12.7,1007616
246,2.5051,6.62e-06,10.3,1011712
247,2.4837,6.53e-06,13.2,1015808
248,2.4650,6.44e-06,13.0,1019904
249,2.3260,6.35e-06,10.8,1024000
250,2.3681,6.26e-06,12.6,1028096
251,2.4509,6.17e-06,16.8,1032192
252,2.5406,6.08e-06,12.2,1036288
253,2.4145,5.99e-06,13.1,1040384
254,2.3357,5.91e-06,12.2,1044480
255,2.3844,5.82e-06,10.0,1048576
256,2.2561,5.74e-06,11.5,1052672
257,2.3949,5.66e-06,12.3,1056768
258,2.3821,5.58e-06,11.3,1060864
259,2.6272,5.50e-06,11.0,1064960
260,2.4539,5.42e-06,12.7,1069056
261,2.5721,5.34e-06,14.1,1073152
262,2.6126,5.27e-06,12.7,1077248
263,2.4071,5.19e-06,10.6,1081344
264,2.3920,5.12e-06,11.5,1085440
265,2.3183,5.04e-06,10.9,1089536
266,2.2712,4.97e-06,10.7,1093632
267,2.3739,4.90e-06,10.9,1097728
268,2.2042,4.83e-06,11.0,1101824
269,2.2050,4.76e-06,11.9,1105920
270,2.3300,4.70e-06,10.3,1110016
271,2.5201,4.63e-06,11.9,1114112
272,2.5553,4.57e-06,11.8,1118208
273,2.4771,4.50e-06,10.5,1122304
274,2.2395,4.44e-06,10.8,1126400
275,2.1414,4.38e-06,9.7,1130496
276,2.4863,4.32e-06,10.0,1134592
277,2.3553,4.26e-06,13.4,1138688
278,2.5043,4.20e-06,10.8,1142784
279,2.4222,4.15e-06,9.6,1146880
280,2.6105,4.09e-06,30.1,1150976
281,2.5642,4.04e-06,23.0,1155072
282,2.3545,3.99e-06,12.9,1159168
283,2.5000,3.94e-06,15.6,1163264
284,2.4178,3.89e-06,10.4,1167360
285,2.3811,3.84e-06,10.2,1171456
286,2.3681,3.79e-06,11.8,1175552
287,2.3582,3.75e-06,13.4,1179648
288,2.3022,3.70e-06,13.7,1183744
289,2.6321,3.66e-06,10.1,1187840
290,2.5342,3.62e-06,12.2,1191936
291,2.2482,3.58e-06,10.9,1196032
292,2.5701,3.54e-06,10.4,1200128
293,2.3209,3.50e-06,11.8,1204224
294,2.2662,3.47e-06,10.1,1208320
295,2.4293,3.43e-06,13.4,1212416
296,2.6558,3.40e-06,10.3,1216512
297,2.7760,3.37e-06,12.4,1220608
298,2.4055,3.33e-06,10.7,1224704
299,2.3885,3.30e-06,12.2,1228800
300,2.3194,3.28e-06,11.5,1232896
301,2.4959,3.25e-06,10.5,1236992
302,2.3034,3.22e-06,14.7,1241088
303,2.4304,3.20e-06,10.5,1245184
304,2.2992,3.18e-06,11.2,1249280
305,2.4170,3.16e-06,12.0,1253376
306,2.4534,3.14e-06,9.8,1257472
307,2.4186,3.12e-06,12.3,1261568
308,2.4450,3.10e-06,11.0,1265664
309,2.4661,3.08e-06,11.0,1269760
310,2.3346,3.07e-06,10.1,1273856
311,2.5261,3.06e-06,12.2,1277952
312,2.4104,3.04e-06,11.7,1282048
313,2.3513,3.03e-06,10.2,1286144
314,2.2456,3.02e-06,12.4,1290240
315,1.7950,3.02e-06,10.1,1294336
316,2.4945,3.01e-06,11.3,1298432
317,2.6538,3.01e-06,10.9,1302528
318,2.3144,3.00e-06,12.9,1306624
319,2.3802,3.00e-06,10.7,1310720
